Data,ID,Reel,Obiettivo,Struttura,Reach,% non-follower,Condivisioni,Salvataggi,Visite profilo,Visione media %,DM,Lead,Decisione (abbandona/ottimizza/ripeti/scala)
2026-11-02,S01,Sito del lunedì: il ristorante,Attrazione,Audit lampo,,,,,,,,,
2026-11-04,S02,Il numero che non si clicca,Attrazione,Test dal telefono,,,,,,,,,
2026-11-06,S03,Il passaparola non basta,Consapevolezza,Mito vs realtà,,,,,,,,,
2026-11-09,S04,Sito del lunedì: l'agente immobiliare,Attrazione,Audit lampo,,,,,,,,,
2026-11-11,S05,Il cliente delle 22,Attrazione,Viaggio del cliente perso,,,,,,,,,
2026-11-13,S06,"WhatsApp, mail, DM",Consapevolezza,Smetti di…,,,,,,,,,
2026-11-16,S07,Sito del lunedì: il menu in PDF,Attrazione,Audit lampo,,,,,,,,,
2026-11-18,S08,Cosa c'è in 800 €,Conversione,Prezzo scomposto,,,,,,,,,
2026-11-20,S09,Le 5 domande,Consapevolezza,Checklist / AI pratica,,,,,,,,,
2026-11-23,S10,Sito del lunedì: audit su richiesta,Conversione,Audit su richiesta,,,,,,,,,
2026-11-25,S11,Due idraulici,Consapevolezza,Mito vs realtà / confronto,,,,,,,,,
2026-11-27,S12,10 giorni in 40 secondi,Conversione,Bottega aperta,,,,,,,,,
